seed,max_yield_index,done_index,max_yield
2000,24,24,99.99246091271331
2001,32,32,99.99248331149631
2002,15,15,99.99248331149631
2003,50,50,99.99248331149631
2004,16,16,99.99248331149631
2005,22,22,99.99248331149631
2006,8,8,99.99246091271331
2007,24,24,99.99248331149631
2008,27,27,99.99248331149631
2009,28,28,99.99248331149631
2010,40,-1,99.79519748069741
2011,43,43,99.99248331149631
2012,34,34,99.99248331149631
2013,41,-1,99.79519748069741
2014,26,26,99.99248331149631
2015,34,34,99.99248331149631
2016,9,9,99.99248331149631
2017,38,-1,99.79519748069741
2018,50,-1,99.795175155573
2019,43,43,99.99246091271331
2020,11,11,99.99248331149631
2021,17,17,99.99248331149631
2022,26,26,99.99248331149631
2023,33,33,99.99246091271331
2024,49,49,99.99246091271331
2025,35,-1,99.79519748069741
2026,25,-1,99.79519748069741
2027,50,50,99.99248331149631
2028,33,33,99.99248331149631
2029,50,-1,99.79519748069741
2030,33,33,99.99248331149631
2031,17,17,99.99248331149631
2032,5,5,99.99248331149631
2033,14,-1,99.79519748069741
2034,38,38,99.99248331149631
2035,35,35,99.99246091271331
2036,20,20,99.99248331149631
2037,23,23,99.99248331149631
2038,24,24,99.99248331149631
2039,28,28,99.99246091271331
2040,45,-1,99.79519748069741
2041,41,41,99.99248331149631
2042,35,35,99.99248331149631
2043,16,16,99.99246091271331
2044,18,18,99.99248331149631
2045,25,25,99.99248331149631
2046,48,48,99.99248331149631
2047,16,16,99.99248331149631
2048,9,-1,99.11379378165407
2049,17,17,99.99248331149631
2050,50,-1,99.79519748069741
2051,42,42,99.99246091271331
2052,12,12,99.99248331149631
2053,19,-1,99.79519748069741
2054,34,34,99.99246091271331
2055,11,11,99.99248331149631
2056,50,-1,99.79519748069741
2057,43,43,99.99248331149631
2058,0,0,99.99248331149631
2059,29,29,99.99246091271331
2060,50,-1,99.795175155573
2061,22,22,99.99248331149631
2062,35,35,99.99248331149631
2063,23,23,99.99248331149631
2064,21,21,99.99248331149631
2065,46,46,99.99246091271331
2066,35,35,99.99248331149631
2067,36,36,99.99248331149631
2068,42,42,99.99246091271331
2069,22,22,99.99248331149631
2070,27,27,99.99248331149631
2071,31,-1,99.79519748069741
2072,16,16,99.99248331149631
2073,35,-1,99.79519748069741
2074,48,48,99.99246091271331
2075,39,39,99.99248331149631
2076,22,22,99.99248331149631
2077,36,36,99.99248331149631
2078,50,-1,99.79519748069741
2079,11,11,99.99248331149631
2080,33,-1,99.79519748069741
2081,36,-1,98.47977431885104
2082,50,-1,99.795175155573
2083,38,38,99.99248331149631
2084,16,16,99.99248331149631
2085,18,18,99.99246091271331
2086,45,-1,99.79519748069741
2087,18,18,99.99248331149631
2088,33,33,99.99246091271331
2089,11,11,99.99248331149631
2090,28,-1,99.79519748069741
2091,11,-1,98.47977431885104
2092,40,40,99.99246091271331
2093,32,32,99.99248331149631
2094,37,37,99.99248331149631
2095,38,38,99.99248331149631
2096,32,-1,99.79519748069741
2097,33,33,99.99248331149631
2098,4,4,99.99248331149631
2099,17,17,99.99246091271331
2100,27,-1,99.79519748069741
2101,14,14,99.99248331149631
2102,22,22,99.99248331149631
2103,35,-1,99.79519748069741
2104,39,39,99.99248331149631
2105,43,43,99.99246091271331
2106,19,19,99.99248331149631
2107,39,-1,96.4949394624598
2108,11,-1,99.79519748069741
2109,18,18,99.99248331149631
2110,10,10,99.99248331149631
2111,37,37,99.99248331149631
2112,37,37,99.99248331149631
2113,9,9,99.99246091271331
2114,26,26,99.99248331149631
2115,28,28,99.99246091271331
2116,17,17,99.99248331149631
2117,50,-1,98.47977431885104
2118,31,31,99.99248331149631
2119,47,-1,99.11379378165407
2120,1,1,99.99248331149631
2121,12,12,99.99248331149631
2122,16,16,99.99246091271331
2123,45,45,99.99248331149631
2124,3,3,99.99248331149631
2125,37,37,99.99248331149631
2126,31,31,99.99248331149631
2127,3,3,99.99248331149631
2128,16,16,99.99248331149631
2129,37,37,99.99246091271331
2130,50,50,99.99246091271331
2131,27,27,99.99248331149631
2132,34,34,99.99248331149631
2133,23,23,99.99248331149631
2134,39,-1,99.795175155573
2135,50,50,99.99246091271331
2136,23,23,99.99248331149631
2137,41,41,99.99248331149631
2138,19,19,99.99248331149631
2139,9,9,99.99248331149631
2140,35,35,99.99248331149631
2141,18,18,99.99248331149631
2142,32,32,99.99248331149631
2143,46,-1,99.795175155573
2144,22,-1,99.79519748069741
2145,50,-1,99.79519748069741
2146,37,37,99.99248331149631
2147,21,21,99.99246091271331
2148,20,-1,99.79519748069741
2149,14,-1,99.79519748069741
2150,24,24,99.99248331149631
2151,9,9,99.99248331149631
2152,0,0,99.99248331149631
2153,35,35,99.99248331149631
2154,25,25,99.99248331149631
2155,16,16,99.99248331149631
2156,11,11,99.99248331149631
2157,22,22,99.99248331149631
2158,7,7,99.99248331149631
2159,49,-1,99.795175155573
2160,35,35,99.99248331149631
2161,45,45,99.99246091271331
2162,25,25,99.99248331149631
2163,11,11,99.99248331149631
2164,31,-1,99.11379378165407
2165,10,10,99.99248331149631
2166,34,34,99.99248331149631
2167,39,-1,99.5963982535343
2168,31,31,99.99246091271331
2169,42,-1,99.11381585237794
2170,23,23,99.99248331149631
2171,28,28,99.99248331149631
2172,41,41,99.99248331149631
2173,34,34,99.99248331149631
2174,41,41,99.99248331149631
2175,6,6,99.99248331149631
2176,38,38,99.99246091271331
2177,22,22,99.99248331149631
2178,34,34,99.99248331149631
2179,15,15,99.99248331149631
2180,33,33,99.99248331149631
2181,16,16,99.99246091271331
2182,38,38,99.99248331149631
2183,15,-1,99.79519748069741
2184,29,29,99.99248331149631
2185,37,37,99.99246091271331
2186,9,9,99.99248331149631
2187,49,49,99.99248331149631
2188,37,-1,99.79519748069741
2189,50,50,99.99246091271331
2190,32,32,99.99248331149631
2191,13,-1,99.79519748069741
2192,39,39,99.99248331149631
2193,25,25,99.99248331149631
2194,28,-1,99.79519748069741
2195,50,50,99.99248331149631
2196,24,24,99.99248331149631
2197,21,21,99.99248331149631
2198,34,34,99.99248331149631
2199,35,35,99.99248331149631
2200,46,46,99.99246091271331
2201,18,-1,99.11381585237794
2202,13,13,99.99246091271331
2203,43,-1,96.4949394624598
2204,34,34,99.99248331149631
2205,27,27,99.99248331149631
2206,13,-1,99.79519748069741
2207,38,38,99.99246091271331
2208,50,-1,99.79519748069741
2209,43,-1,99.79519748069741
2210,18,18,99.99248331149631
2211,46,-1,99.79519748069741
2212,39,39,99.99246091271331
2213,37,37,99.99246091271331
2214,25,25,99.99246091271331
2215,16,16,99.99248331149631
2216,41,41,99.99248331149631
2217,14,14,99.99248331149631
2218,33,-1,99.795175155573
2219,32,32,99.99248331149631
2220,9,9,99.99248331149631
2221,47,47,99.99248331149631
2222,39,39,99.99248331149631
2223,29,29,99.99248331149631
2224,36,36,99.99248331149631
2225,39,39,99.99248331149631
2226,26,-1,99.79519748069741
2227,23,23,99.99248331149631
2228,34,34,99.99248331149631
2229,13,13,99.99248331149631
2230,19,19,99.99248331149631
2231,25,25,99.99248331149631
2232,30,30,99.99248331149631
2233,39,39,99.99248331149631
2234,25,25,99.99248331149631
2235,35,35,99.99248331149631
2236,33,-1,96.4949394624598
2237,41,-1,99.11381585237794
2238,17,17,99.99248331149631
2239,19,19,99.99248331149631
2240,18,18,99.99246091271331
2241,26,26,99.99248331149631
2242,3,3,99.99248331149631
2243,37,37,99.99248331149631
2244,19,19,99.99248331149631
2245,36,-1,99.79519748069741
2246,41,41,99.99246091271331
2247,42,42,99.99246091271331
2248,31,31,99.99248331149631
2249,37,37,99.99248331149631
2250,18,18,99.99248331149631
2251,20,20,99.99248331149631
2252,27,27,99.99248331149631
2253,45,-1,99.79519748069741
2254,7,7,99.99246091271331
2255,42,42,99.99246091271331
2256,45,-1,99.79519748069741
2257,23,23,99.99248331149631
2258,36,-1,99.79519748069741
2259,34,34,99.99248331149631
2260,26,26,99.99248331149631
2261,28,28,99.99248331149631
2262,37,-1,99.79519748069741
2263,46,-1,99.79519748069741
2264,43,-1,99.79519748069741
2265,34,34,99.99248331149631
2266,5,5,99.99248331149631
2267,32,32,99.99246091271331
2268,41,41,99.99248331149631
2269,24,24,99.99248331149631
2270,0,0,99.99248331149631
2271,4,4,99.99248331149631
2272,44,44,99.99246091271331
2273,50,-1,98.47975248485278
2274,17,17,99.99248331149631
2275,31,31,99.99248331149631
2276,21,21,99.99248331149631
2277,39,39,99.99248331149631
2278,5,-1,99.11381585237794
2279,33,33,99.99248331149631
2280,26,26,99.99248331149631
2281,22,22,99.99248331149631
2282,50,-1,93.47074603322429
2283,50,-1,99.795175155573
2284,35,-1,99.79519748069741
2285,31,31,99.99248331149631
2286,16,16,99.99248331149631
2287,15,15,99.99248331149631
2288,26,26,99.99246091271331
2289,28,28,99.99248331149631
2290,33,33,99.99246091271331
2291,40,40,99.99248331149631
2292,21,21,99.99248331149631
2293,48,48,99.99248331149631
2294,29,29,99.99248331149631
2295,50,-1,99.79519748069741
2296,35,35,99.99248331149631
2297,45,45,99.99246091271331
2298,45,-1,99.59637600263355
2299,32,32,99.99246091271331
2300,36,-1,99.79519748069741
2301,3,3,99.99248331149631
2302,18,-1,99.79519748069741
2303,6,6,99.99248331149631
2304,49,-1,99.79519748069741
2305,17,17,99.99248331149631
2306,38,38,99.99248331149631
2307,23,23,99.99248331149631
2308,20,20,99.99248331149631
2309,17,17,99.99248331149631
2310,25,25,99.99248331149631
2311,18,-1,99.79519748069741
2312,35,35,99.99248331149631
2313,45,45,99.99246091271331
2314,38,38,99.99248331149631
2315,15,15,99.99248331149631
2316,24,24,99.99246091271331
2317,35,35,99.99246091271331
2318,37,37,99.99246091271331
2319,13,13,99.99246091271331
2320,39,39,99.99248331149631
2321,26,26,99.99248331149631
2322,43,43,99.99248331149631
2323,41,-1,99.5963982535343
2324,16,16,99.99248331149631
2325,11,-1,93.47074603322429
2326,9,9,99.99246091271331
2327,41,-1,99.79519748069741
2328,14,14,99.99248331149631
2329,40,40,99.99248331149631
2330,40,-1,98.47975248485278
2331,8,8,99.99248331149631
2332,44,44,99.99246091271331
2333,21,-1,96.65988136897982
2334,50,50,99.99246091271331
2335,15,15,99.99248331149631
2336,33,-1,99.79519748069741
2337,12,12,99.99248331149631
2338,30,30,99.99248331149631
2339,18,18,99.99248331149631
2340,43,43,99.99246091271331
2341,3,3,99.99248331149631
2342,20,20,99.99248331149631
2343,28,28,99.99248331149631
2344,40,40,99.99248331149631
2345,12,12,99.99248331149631
2346,40,40,99.99248331149631
2347,44,44,99.99246091271331
2348,31,-1,99.11379378165407
2349,41,-1,98.47977431885104
2350,50,50,99.99246091271331
2351,26,-1,99.795175155573
2352,40,40,99.99248331149631
2353,41,41,99.99248331149631
2354,37,-1,99.79519748069741
2355,33,33,99.99248331149631
2356,50,-1,99.79519748069741
2357,35,-1,99.79519748069741
2358,8,8,99.99248331149631
2359,24,24,99.99248331149631
2360,15,15,99.99248331149631
2361,32,32,99.99248331149631
2362,48,48,99.99248331149631
2363,36,36,99.99248331149631
2364,23,23,99.99246091271331
2365,16,16,99.99248331149631
2366,29,29,99.99248331149631
2367,18,18,99.99248331149631
2368,22,22,99.99248331149631
2369,48,48,99.99246091271331
2370,18,18,99.99246091271331
2371,23,23,99.99248331149631
2372,31,-1,99.79519748069741
2373,37,-1,98.47977431885104
2374,48,48,99.99246091271331
2375,28,28,99.99248331149631
2376,19,19,99.99246091271331
2377,15,15,99.99248331149631
2378,32,32,99.99248331149631
2379,20,20,99.99248331149631
2380,39,-1,99.79519748069741
2381,41,41,99.99248331149631
2382,24,-1,99.79519748069741
2383,29,-1,99.11381585237794
2384,43,43,99.99246091271331
2385,18,-1,99.795175155573
2386,22,22,99.99248331149631
2387,40,40,99.99246091271331
2388,35,35,99.99248331149631
2389,21,21,99.99246091271331
2390,14,14,99.99246091271331
2391,19,19,99.99246091271331
2392,20,20,99.99248331149631
2393,40,40,99.99246091271331
2394,34,34,99.99246091271331
2395,26,26,99.99248331149631
2396,50,-1,99.795175155573
2397,21,21,99.99248331149631
2398,46,46,99.99246091271331
2399,50,-1,99.11379378165407
2400,5,5,99.99248331149631
2401,19,19,99.99248331149631
2402,31,-1,99.79519748069741
2403,37,37,99.99248331149631
2404,40,40,99.99248331149631
2405,46,-1,99.79519748069741
2406,50,-1,99.79519748069741
2407,40,-1,95.03566700841675
2408,27,27,99.99248331149631
2409,47,47,99.99248331149631
2410,26,26,99.99248331149631
2411,38,38,99.99246091271331
2412,37,37,99.99248331149631
2413,34,34,99.99248331149631
2414,22,22,99.99246091271331
2415,45,-1,99.11379378165407
2416,22,22,99.99248331149631
2417,14,14,99.99248331149631
2418,16,16,99.99248331149631
2419,17,17,99.99248331149631
2420,18,18,99.99248331149631
2421,27,27,99.99248331149631
2422,25,25,99.99248331149631
2423,42,42,99.99248331149631
2424,11,11,99.99246091271331
2425,2,2,99.99248331149631
2426,50,-1,99.79519748069741
2427,38,38,99.99246091271331
2428,29,29,99.99248331149631
2429,21,21,99.99246091271331
2430,24,24,99.99248331149631
2431,2,2,99.99248331149631
2432,5,5,99.99248331149631
2433,36,36,99.99248331149631
2434,22,22,99.99246091271331
2435,43,43,99.99248331149631
2436,35,-1,99.79519748069741
2437,35,35,99.99248331149631
2438,19,19,99.99248331149631
2439,11,11,99.99248331149631
2440,50,-1,99.11381585237794
2441,3,-1,96.65988136897982
2442,36,36,99.99248331149631
2443,36,-1,99.79519748069741
2444,17,17,99.99248331149631
2445,29,29,99.99248331149631
2446,50,50,99.99246091271331
2447,50,-1,99.795175155573
2448,17,17,99.99248331149631
2449,45,-1,99.79519748069741
2450,13,13,99.99248331149631
2451,32,-1,99.795175155573
2452,50,-1,99.79519748069741
2453,11,11,99.99246091271331
2454,18,-1,99.79519748069741
2455,10,10,99.99248331149631
2456,50,-1,99.79519748069741
2457,50,50,99.99248331149631
2458,2,2,99.99248331149631
2459,15,15,99.99248331149631
2460,35,35,99.99248331149631
2461,17,-1,99.11381585237794
2462,16,16,99.99246091271331
2463,37,-1,99.79519748069741
2464,41,41,99.99248331149631
2465,48,48,99.99246091271331
2466,16,16,99.99248331149631
2467,3,-1,99.11381585237794
2468,33,33,99.99248331149631
2469,45,45,99.99248331149631
2470,7,7,99.99248331149631
2471,42,-1,99.79519748069741
2472,20,20,99.99248331149631
2473,47,-1,99.5963982535343
2474,27,27,99.99246091271331
2475,14,14,99.99246091271331
2476,34,34,99.99248331149631
2477,12,12,99.99248331149631
2478,42,42,99.99246091271331
2479,50,50,99.99248331149631
2480,40,40,99.99246091271331
2481,35,35,99.99248331149631
2482,36,36,99.99248331149631
2483,33,33,99.99248331149631
2484,18,18,99.99248331149631
2485,36,-1,99.79519748069741
2486,26,26,99.99248331149631
2487,2,2,99.99248331149631
2488,33,33,99.99248331149631
2489,15,15,99.99248331149631
2490,25,25,99.99246091271331
2491,26,26,99.99248331149631
2492,38,38,99.99246091271331
2493,36,36,99.99248331149631
2494,15,15,99.99248331149631
2495,37,37,99.99248331149631
2496,13,13,99.99248331149631
2497,17,17,99.99246091271331
2498,32,32,99.99246091271331
2499,31,-1,99.79519748069741
2500,30,30,99.99248331149631
2501,24,24,99.99248331149631
2502,20,-1,99.11381585237794
2503,24,24,99.99248331149631
2504,17,17,99.99246091271331
2505,37,37,99.99248331149631
2506,50,-1,99.79519748069741
2507,46,-1,99.79519748069741
2508,33,33,99.99248331149631
2509,40,-1,96.49491836951914
2510,49,49,99.99246091271331
2511,41,41,99.99248331149631
2512,49,-1,99.795175155573
2513,18,-1,99.79519748069741
2514,49,-1,99.79519748069741
2515,39,39,99.99246091271331
2516,48,48,99.99248331149631
2517,16,16,99.99248331149631
2518,31,31,99.99246091271331
2519,36,-1,99.795175155573
2520,23,23,99.99248331149631
2521,18,18,99.99248331149631
2522,33,33,99.99248331149631
2523,41,41,99.99248331149631
2524,39,-1,99.79519748069741
2525,42,-1,99.795175155573
2526,49,49,99.99246091271331
2527,41,41,99.99248331149631
2528,35,-1,99.79519748069741
2529,44,44,99.99246091271331
2530,28,28,99.99248331149631
2531,20,20,99.99248331149631
2532,36,36,99.99248331149631
2533,34,34,99.99246091271331
2534,50,-1,99.795175155573
2535,39,39,99.99248331149631
2536,20,-1,99.79519748069741
2537,27,27,99.99248331149631
2538,47,47,99.99248331149631
2539,16,16,99.99248331149631
2540,25,25,99.99248331149631
2541,26,26,99.99248331149631
2542,31,31,99.99248331149631
2543,14,14,99.99246091271331
2544,43,43,99.99248331149631
2545,19,19,99.99248331149631
2546,22,22,99.99248331149631
2547,37,-1,99.5963982535343
2548,35,35,99.99248331149631
2549,29,29,99.99248331149631
2550,40,40,99.99246091271331
2551,27,27,99.99248331149631
2552,39,39,99.99248331149631
2553,8,8,99.99246091271331
2554,11,11,99.99248331149631
2555,31,-1,99.79519748069741
2556,37,37,99.99248331149631
2557,20,20,99.99248331149631
2558,17,-1,99.11381585237794
2559,25,25,99.99248331149631
2560,20,20,99.99248331149631
2561,6,6,99.99248331149631
2562,38,38,99.99248331149631
2563,36,36,99.99248331149631
2564,24,24,99.99246091271331
2565,46,46,99.99246091271331
2566,21,-1,99.11381585237794
2567,39,39,99.99248331149631
2568,33,33,99.99248331149631
2569,41,41,99.99248331149631
2570,40,-1,99.79519748069741
2571,37,37,99.99248331149631
2572,46,-1,99.79519748069741
2573,11,11,99.99248331149631
2574,39,-1,99.79519748069741
2575,16,16,99.99248331149631
2576,16,-1,99.79519748069741
2577,19,19,99.99248331149631
2578,29,-1,99.79519748069741
2579,42,-1,99.79519748069741
2580,27,-1,99.79519748069741
2581,9,9,99.99248331149631
2582,32,32,99.99248331149631
2583,20,20,99.99248331149631
2584,43,-1,98.47977431885104
2585,50,50,99.99248331149631
2586,50,-1,99.79519748069741
2587,14,14,99.99246091271331
2588,21,21,99.99248331149631
2589,8,8,99.99248331149631
2590,50,50,99.99248331149631
2591,50,-1,99.795175155573
2592,37,37,99.99248331149631
2593,22,22,99.99248331149631
2594,37,37,99.99248331149631
2595,18,18,99.99248331149631
2596,47,47,99.99246091271331
2597,30,30,99.99248331149631
2598,10,-1,99.79519748069741
2599,31,31,99.99248331149631
2600,38,38,99.99246091271331
2601,45,45,99.99248331149631
2602,21,21,99.99246091271331
2603,29,29,99.99248331149631
2604,12,12,99.99248331149631
2605,40,40,99.99248331149631
2606,14,-1,99.79519748069741
2607,21,21,99.99248331149631
2608,32,32,99.99246091271331
2609,48,-1,96.49491836951914
2610,33,-1,99.79519748069741
2611,18,18,99.99248331149631
2612,14,-1,99.79519748069741
2613,44,-1,99.79519748069741
2614,25,25,99.99248331149631
2615,36,36,99.99248331149631
2616,27,27,99.99248331149631
2617,9,-1,99.5963982535343
2618,33,-1,99.795175155573
2619,23,-1,96.4949394624598
2620,9,9,99.99248331149631
2621,10,10,99.99248331149631
2622,41,41,99.99248331149631
2623,19,19,99.99248331149631
2624,0,0,99.99248331149631
2625,10,10,99.99248331149631
2626,26,26,99.99248331149631
2627,49,49,99.99248331149631
2628,24,-1,98.47975248485278
2629,32,32,99.99246091271331
2630,12,12,99.99248331149631
2631,33,33,99.99248331149631
2632,49,49,99.99246091271331
2633,34,34,99.99248331149631
2634,30,30,99.99248331149631
2635,36,-1,99.79519748069741
2636,25,25,99.99248331149631
2637,50,-1,99.795175155573
2638,45,45,99.99246091271331
2639,50,-1,99.79519748069741
2640,32,32,99.99248331149631
2641,22,22,99.99248331149631
2642,33,33,99.99248331149631
2643,22,22,99.99248331149631
2644,34,34,99.99248331149631
2645,11,11,99.99248331149631
2646,33,33,99.99246091271331
2647,46,-1,99.79519748069741
2648,14,-1,99.79519748069741
2649,50,-1,99.79519748069741
2650,26,26,99.99248331149631
2651,5,5,99.99246091271331
2652,13,13,99.99248331149631
2653,14,14,99.99248331149631
2654,5,5,99.99248331149631
2655,11,11,99.99248331149631
2656,50,-1,99.79519748069741
2657,18,18,99.99248331149631
2658,50,-1,99.795175155573
2659,47,-1,99.79519748069741
2660,32,32,99.99246091271331
2661,33,33,99.99248331149631
2662,22,22,99.99248331149631
2663,12,12,99.99248331149631
2664,50,-1,99.11381585237794
2665,19,19,99.99248331149631
2666,6,6,99.99248331149631
2667,28,28,99.99248331149631
2668,37,37,99.99248331149631
2669,13,-1,99.79519748069741
2670,34,34,99.99246091271331
2671,30,30,99.99248331149631
2672,40,-1,95.98565349313392
2673,26,26,99.99246091271331
2674,19,19,99.99248331149631
2675,33,-1,99.79519748069741
2676,42,42,99.99246091271331
2677,25,25,99.99248331149631
2678,29,29,99.99248331149631
2679,23,-1,99.59637600263355
2680,4,4,99.99248331149631
2681,39,39,99.99248331149631
2682,48,48,99.99248331149631
2683,50,50,99.99246091271331
2684,39,-1,96.4949394624598
2685,40,40,99.99246091271331
2686,30,30,99.99248331149631
2687,20,20,99.99248331149631
2688,39,39,99.99246091271331
2689,43,43,99.99248331149631
2690,26,26,99.99248331149631
2691,21,21,99.99248331149631
2692,13,13,99.99246091271331
2693,16,-1,99.5963982535343
2694,41,41,99.99248331149631
2695,50,-1,99.795175155573
2696,40,40,99.99246091271331
2697,47,47,99.99248331149631
2698,31,31,99.99248331149631
2699,24,24,99.99248331149631
2700,18,18,99.99248331149631
2701,32,32,99.99248331149631
2702,44,44,99.99246091271331
2703,25,25,99.99248331149631
2704,35,35,99.99248331149631
2705,46,46,99.99248331149631
2706,50,50,99.99248331149631
2707,0,0,99.99248331149631
2708,49,49,99.99248331149631
2709,25,25,99.99246091271331
2710,10,10,99.99248331149631
2711,10,-1,98.47975248485278
2712,18,18,99.99248331149631
2713,31,31,99.99248331149631
2714,47,47,99.99248331149631
2715,11,11,99.99248331149631
2716,35,35,99.99248331149631
2717,6,6,99.99248331149631
2718,1,1,99.99246091271331
2719,18,18,99.99248331149631
2720,46,46,99.99248331149631
2721,25,25,99.99248331149631
2722,13,13,99.99246091271331
2723,35,35,99.99248331149631
2724,11,-1,99.79519748069741
2725,17,17,99.99248331149631
2726,15,-1,99.79519748069741
2727,16,16,99.99248331149631
2728,14,-1,99.79519748069741
2729,9,9,99.99248331149631
2730,45,45,99.99246091271331
2731,30,-1,99.59637600263355
2732,32,32,99.99248331149631
2733,30,-1,99.79519748069741
2734,34,34,99.99248331149631
2735,36,36,99.99246091271331
2736,16,16,99.99248331149631
2737,35,35,99.99248331149631
2738,34,34,99.99248331149631
2739,38,38,99.99248331149631
2740,17,-1,99.79519748069741
2741,19,-1,99.5963982535343
2742,32,32,99.99248331149631
2743,36,-1,99.79519748069741
2744,16,16,99.99248331149631
2745,12,12,99.99248331149631
2746,20,-1,99.79519748069741
2747,29,29,99.99248331149631
2748,13,13,99.99246091271331
2749,22,22,99.99248331149631
2750,13,13,99.99248331149631
2751,24,24,99.99248331149631
2752,20,20,99.99248331149631
2753,33,33,99.99248331149631
2754,4,4,99.99248331149631
2755,45,-1,99.79519748069741
2756,39,39,99.99248331149631
2757,30,-1,99.11379378165407
2758,13,13,99.99248331149631
2759,24,24,99.99246091271331
2760,7,7,99.99248331149631
2761,38,38,99.99248331149631
2762,27,27,99.99246091271331
2763,21,21,99.99246091271331
2764,28,-1,96.49491836951914
2765,5,-1,99.795175155573
2766,50,-1,99.795175155573
2767,13,-1,99.79519748069741
2768,28,28,99.99248331149631
2769,26,26,99.99248331149631
2770,36,36,99.99248331149631
2771,17,17,99.99248331149631
2772,33,33,99.99246091271331
2773,50,-1,99.79519748069741
2774,18,18,99.99248331149631
2775,11,11,99.99248331149631
2776,48,48,99.99246091271331
2777,35,35,99.99246091271331
2778,48,48,99.99248331149631
2779,12,12,99.99248331149631
2780,17,17,99.99248331149631
2781,49,49,99.99246091271331
2782,32,32,99.99248331149631
2783,11,11,99.99248331149631
2784,50,-1,99.795175155573
2785,34,34,99.99248331149631
2786,23,23,99.99248331149631
2787,24,24,99.99248331149631
2788,35,-1,98.47975248485278
2789,28,28,99.99248331149631
2790,24,-1,99.795175155573
2791,44,44,99.99246091271331
2792,20,20,99.99248331149631
2793,23,23,99.99248331149631
2794,34,34,99.99248331149631
2795,19,19,99.99248331149631
2796,32,32,99.99246091271331
2797,39,39,99.99248331149631
2798,31,31,99.99248331149631
2799,21,21,99.99248331149631
2800,41,-1,96.4949394624598
2801,44,44,99.99248331149631
2802,5,-1,99.79519748069741
2803,27,27,99.99248331149631
2804,25,25,99.99248331149631
2805,6,6,99.99248331149631
2806,33,33,99.99248331149631
2807,24,24,99.99246091271331
2808,18,18,99.99248331149631
2809,25,25,99.99248331149631
2810,0,0,99.99248331149631
2811,10,10,99.99248331149631
2812,23,23,99.99248331149631
2813,33,33,99.99248331149631
2814,50,-1,99.795175155573
2815,15,15,99.99246091271331
2816,41,-1,99.79519748069741
2817,38,38,99.99246091271331
2818,36,36,99.99248331149631
2819,46,46,99.99248331149631
2820,23,23,99.99248331149631
2821,23,23,99.99246091271331
2822,43,43,99.99246091271331
2823,24,24,99.99246091271331
2824,40,-1,99.79519748069741
2825,30,-1,99.79519748069741
2826,32,32,99.99248331149631
2827,33,33,99.99246091271331
2828,33,33,99.99248331149631
2829,15,-1,99.79519748069741
2830,25,25,99.99246091271331
2831,19,19,99.99248331149631
2832,48,-1,99.79519748069741
2833,36,-1,99.79519748069741
2834,45,45,99.99248331149631
2835,6,6,99.99246091271331
2836,49,49,99.99246091271331
2837,19,19,99.99248331149631
2838,18,18,99.99248331149631
2839,22,22,99.99248331149631
2840,44,44,99.99246091271331
2841,32,32,99.99248331149631
2842,11,11,99.99248331149631
2843,50,50,99.99246091271331
2844,18,18,99.99248331149631
2845,21,21,99.99248331149631
2846,22,22,99.99248331149631
2847,31,31,99.99248331149631
2848,15,15,99.99248331149631
2849,50,50,99.99246091271331
2850,30,-1,99.79519748069741
2851,33,33,99.99248331149631
2852,22,22,99.99248331149631
2853,33,33,99.99248331149631
2854,28,28,99.99248331149631
2855,27,27,99.99246091271331
2856,25,25,99.99248331149631
2857,29,29,99.99248331149631
2858,35,35,99.99248331149631
2859,27,27,99.99248331149631
2860,38,38,99.99246091271331
2861,15,15,99.99248331149631
2862,37,-1,96.49491836951914
2863,42,42,99.99248331149631
2864,24,24,99.99246091271331
2865,34,34,99.99246091271331
2866,21,21,99.99248331149631
2867,30,30,99.99248331149631
2868,39,39,99.99248331149631
2869,4,4,99.99246091271331
2870,16,16,99.99248331149631
2871,11,-1,99.79519748069741
2872,50,-1,99.79519748069741
2873,15,15,99.99248331149631
2874,34,34,99.99248331149631
2875,44,44,99.99246091271331
2876,36,36,99.99246091271331
2877,33,-1,99.79519748069741
2878,42,42,99.99248331149631
2879,41,-1,99.79519748069741
2880,24,24,99.99248331149631
2881,3,3,99.99248331149631
2882,33,33,99.99248331149631
2883,35,35,99.99248331149631
2884,24,24,99.99248331149631
2885,37,37,99.99248331149631
2886,42,42,99.99246091271331
2887,40,40,99.99248331149631
2888,45,45,99.99248331149631
2889,46,46,99.99248331149631
2890,50,50,99.99246091271331
2891,7,7,99.99248331149631
2892,23,23,99.99246091271331
2893,30,30,99.99248331149631
2894,31,31,99.99246091271331
2895,23,23,99.99248331149631
2896,11,11,99.99248331149631
2897,27,27,99.99248331149631
2898,24,24,99.99248331149631
2899,50,50,99.99248331149631
2900,24,24,99.99248331149631
2901,16,16,99.99246091271331
2902,36,36,99.99248331149631
2903,10,10,99.99248331149631
2904,43,43,99.99248331149631
2905,31,31,99.99248331149631
2906,18,18,99.99248331149631
2907,50,-1,99.795175155573
2908,39,39,99.99248331149631
2909,41,41,99.99248331149631
2910,50,-1,99.79519748069741
2911,35,35,99.99248331149631
2912,50,-1,99.79519748069741
2913,38,38,99.99248331149631
2914,35,-1,99.79519748069741
2915,39,39,99.99246091271331
2916,27,27,99.99248331149631
2917,1,1,99.99246091271331
2918,33,33,99.99248331149631
2919,5,5,99.99248331149631
2920,22,-1,99.79519748069741
2921,18,-1,99.79519748069741
2922,42,42,99.99248331149631
2923,37,37,99.99246091271331
2924,43,-1,99.795175155573
2925,33,33,99.99248331149631
2926,24,24,99.99246091271331
2927,28,28,99.99246091271331
2928,10,-1,99.79519748069741
2929,17,17,99.99248331149631
2930,45,45,99.99246091271331
2931,17,17,99.99248331149631
2932,8,8,99.99248331149631
2933,22,-1,99.79519748069741
2934,37,37,99.99248331149631
2935,18,-1,99.11381585237794
2936,18,18,99.99248331149631
2937,32,32,99.99248331149631
2938,15,15,99.99248331149631
2939,27,-1,99.79519748069741
2940,40,40,99.99248331149631
2941,21,21,99.99246091271331
2942,36,36,99.99246091271331
2943,18,18,99.99248331149631
2944,50,50,99.99246091271331
2945,8,8,99.99248331149631
2946,12,12,99.99248331149631
2947,35,-1,99.79519748069741
2948,38,38,99.99248331149631
2949,19,19,99.99248331149631
2950,47,-1,96.49491836951914
2951,1,1,99.99248331149631
2952,50,50,99.99248331149631
2953,20,20,99.99248331149631
2954,31,31,99.99246091271331
2955,34,34,99.99248331149631
2956,5,5,99.99248331149631
2957,9,9,99.99248331149631
2958,39,39,99.99248331149631
2959,33,33,99.99246091271331
2960,12,12,99.99248331149631
2961,36,-1,99.79519748069741
2962,43,43,99.99246091271331
2963,40,-1,99.79519748069741
2964,22,22,99.99248331149631
2965,30,30,99.99248331149631
2966,17,-1,99.795175155573
2967,38,38,99.99246091271331
2968,50,-1,99.79519748069741
2969,48,-1,99.5963982535343
2970,33,33,99.99246091271331
2971,7,7,99.99248331149631
2972,39,39,99.99248331149631
2973,5,5,99.99248331149631
2974,21,21,99.99248331149631
2975,50,50,99.99246091271331
2976,44,44,99.99246091271331
2977,31,31,99.99246091271331
2978,20,-1,99.79519748069741
2979,34,34,99.99248331149631
2980,38,38,99.99248331149631
2981,46,46,99.99248331149631
2982,22,22,99.99248331149631
2983,26,26,99.99248331149631
2984,24,24,99.99248331149631
2985,31,31,99.99246091271331
2986,44,-1,99.79519748069741
2987,23,23,99.99248331149631
2988,41,41,99.99248331149631
2989,14,14,99.99248331149631
2990,14,14,99.99248331149631
2991,21,21,99.99248331149631
2992,35,-1,99.79519748069741
2993,17,-1,96.49491836951914
2994,8,8,99.99248331149631
2995,26,-1,99.79519748069741
2996,20,-1,99.795175155573
2997,25,25,99.99248331149631
2998,18,18,99.99248331149631
2999,33,33,99.99246091271331
